,ScienticName,nRecords
0,Accipiter cooperii,1488275
1,Accipiter gentilis,51104
2,Accipiter striatus,783312
3,Acridotheres tristis,57498
4,Acris crepitans,12268
5,Acris gryllus,6706
6,Actinemys marmorata,2054
7,Actitis macularius,1030219
8,Aechmophorus clarkii,133429
9,Aechmophorus occidentalis,436758
10,Aegolius acadicus,44303
11,Aegolius funereus,3305
12,Aeronautes saxatalis,177041
13,Agelaius phoeniceus,6285010
14,Agelaius tricolor,46047
15,Agkistrodon contortrix,6044
16,Agkistrodon piscivorus,6201
17,Aimophila aestivalis,506
18,Aimophila botterii,38
19,Aimophila carpalis,110
20,Aimophila cassinii,538
21,Aimophila quinquestriata,1
22,Aimophila ruficeps,108839
23,Aix sponsa,1577261
24,Alca torda,42619
25,Alces americanus,308
26,Alectoris chukar,24095
27,Alle alle,10848
28,Alligator mississippiensis,15203
29,Amazilia violiceps,13038
30,Amazilia yucatanensis,55850
31,Amazona viridigenalis,31050
32,Ambystoma annulatum,247
33,Ambystoma barbouri,142
34,Ambystoma bishopi,20
35,Ambystoma californiense,863
36,Ambystoma cingulatum,64
37,Ambystoma gracile,1754
38,Ambystoma jeffersonianum,1019
39,Ambystoma laterale,736
40,Ambystoma mabeei,109
41,Ambystoma macrodactylum,3308
42,Ambystoma maculatum,5830
43,Ambystoma mavortium,2519
44,Ambystoma opacum,4294
45,Ambystoma talpoideum,1670
46,Ambystoma texanum,1977
47,Ambystoma tigrinum,5855
48,Ammodramus bairdii,320
49,Ammodramus caudacutus,35999
50,Ammodramus henslowii,778
51,Ammodramus leconteii,27284
52,Ammodramus maritimus,60718
53,Ammodramus nelsoni,313
54,Ammodramus savannarum,190195
55,Ammodramus savannarum floridanus,34
56,Ammospermophilus harrisii,1163
57,Ammospermophilus interpres,349
58,Ammospermophilus leucurus,4175
59,Ammospermophilus nelsoni,391
60,Ammotragus lervia,126
61,Amphispiza belli,2395
62,Amphispiza belli belli,412
63,Amphispiza belli canescens,226
64,Amphispiza belli clementeae,59
65,Amphispiza belli nevadensis,317
66,Amphispiza bilineata,167450
67,Amphiuma means,1194
68,Amphiuma pholeter,268
69,Amphiuma tridactylum,204
70,Anas acuta,768432
71,Anas americana,1117276
72,Anas clypeata,1386192
73,Anas crecca,1182368
74,Anas cyanoptera,395884
75,Anas discors,944508
76,Anas fulvigula,255035
77,Anas penelope,71817
78,Anas platyrhynchos,5847987
79,Anas rubripes,811674
80,Anas strepera,1369148
81,Anaxyrus americanus,16535
82,Anaxyrus baxteri,44
83,Anaxyrus boreas,13539
84,Anaxyrus californicus,1068
85,Anaxyrus canorus,1347
86,Anaxyrus cognatus,4177
87,Anaxyrus debilis,1677
88,Anaxyrus exsul,523
89,Anaxyrus fowleri,7241
90,Anaxyrus hemiophrys,270
91,Anaxyrus houstonensis,410
92,Anaxyrus microscaphus,1632
93,Anaxyrus nelsoni,313
94,Anaxyrus punctatus,4632
95,Anaxyrus quercicus,1757
96,Anaxyrus retiformis,203
97,Anaxyrus speciosus,2215
98,Anaxyrus terrestris,7523
99,Anaxyrus woodhousii,10362
100,Aneides aeneus,626
101,Aneides ferreus,1901
102,Aneides flavipunctatus,4986
103,Aneides hardii,574
104,Aneides lugubris,5902
105,Aneides vagrans,803
106,Anhinga anhinga,465341
107,Anniella pulchra,1638
108,Anolis carolinensis,19727
109,Anous stolidus,4973
110,Anser albifrons,233025
111,Anser albifrons elgasi,75
112,Anthus rubescens,440867
113,Anthus spragueii,14236
114,Antilocapra americana,2824
115,Antilocapra americana sonoriensis,7
116,Antrozous pallidus,4940
117,Apalone ferox,2830
118,Apalone mutica,520
119,Apalone mutica calvata,14
120,Apalone mutica mutica,38
121,Apalone spinifera,3698
122,Aphelocoma californica,1092022
123,Aphelocoma coerulescens,21893
124,Aphelocoma insularis,3654
125,Aphelocoma ultramarina,532
126,Aphriza virgata,461
127,Aplodontia rufa,1174
128,Aplodontia rufa californica,142
129,Aplodontia rufa humboldtiana,49
130,Aplodontia rufa nigra,10
131,Aplodontia rufa olympica,1174
132,Aplodontia rufa pacifica,201
133,Aplodontia rufa phaea,101
134,Aplodontia rufa rufa,277
135,Aquila chrysaetos,188426
136,Aramus guarauna,107194
137,Aratinga holochlora,33
138,Aratinga mitrata,40
139,Arborimus albipes,199
140,Arborimus longicaudus,232
141,Arborimus pomo,428
142,Archilochus alexandri,363673
143,Archilochus colubris,1332193
144,Arctocephalus townsendi,171
145,Ardea alba,2721514
146,Ardea herodias,4560284
147,Arenaria interpres,392048
148,Arenaria melanocephala,113366
149,Arizona elegans,3138
150,Arremonops rufivirgatus,55075
151,Artibeus jamaicensis,3
152,Ascaphus montanus,328
153,Ascaphus truei,3166
154,Asio flammeus,75911
155,Asio otus,30434
156,Aspidoscelis arizonae,122
157,Aspidoscelis burti,153
158,Aspidoscelis dixoni,16
159,Aspidoscelis exsanguis,1877
160,Aspidoscelis flagellicauda,169
161,Aspidoscelis gularis,3266
162,Aspidoscelis gypsi,0
163,Aspidoscelis hyperythra,1432
164,Aspidoscelis inornata,1675
165,Aspidoscelis laredoensis,32
166,Aspidoscelis neomexicana,1231
167,Aspidoscelis neotesselata,179
168,Aspidoscelis pai,5
169,Aspidoscelis scalaris,122
170,Aspidoscelis sexlineata,7012
171,Aspidoscelis sonorae,1971
172,Aspidoscelis tesselata,1845
173,Aspidoscelis tigris,19493
174,Aspidoscelis uniparens,1970
175,Aspidoscelis velox,966
176,Aspidoscelis xanthonota,11
177,Athene cunicularia,93283
178,Athene cunicularia floridana,273
179,Athene cunicularia hypugaea,1160
180,Auriparus flaviceps,343342
181,Axis axis,166
182,Aythya affinis,844001
183,Aythya americana,555774
184,Aythya collaris,1107799
185,Aythya marila,355959
186,Aythya valisineria,375471
187,Baeolophus atricristatus,222672
188,Baeolophus bicolor,4635646
189,Baeolophus inornatus,386807
190,Baeolophus ridgwayi,53071
191,Baeolophus wollweberi,87648
192,Baiomys taylori,1454
193,Bartramia longicauda,70550
194,Bassariscus astutus,947
195,Batrachoseps attenuatus,28294
196,Batrachoseps campi,211
197,Batrachoseps diabolicus,373
198,Batrachoseps gabrieli,135
199,Batrachoseps gavilanensis,2062
200,Batrachoseps gregarius,1523
201,Batrachoseps incognitus,211
202,Batrachoseps kawia,187
203,Batrachoseps luciae,1984
204,Batrachoseps major,4258
205,Batrachoseps minor,259
206,Batrachoseps nigriventris,5951
207,Batrachoseps pacificus,2382
208,Batrachoseps regius,166
209,Batrachoseps relictus,740
210,Batrachoseps robustus,206
211,Batrachoseps simatus,159
212,Batrachoseps stebbinsi,127
213,Batrachoseps wrightorum,1
214,Bison bison,7593
215,Blarina brevicauda,13695
216,Blarina carolinensis,3565
217,Blarina hylophaga,1917
218,Bogertophis rosaliae,1
219,Bogertophis subocularis,618
220,Bombycilla cedrorum,2176084
221,Bombycilla garrulus,38970
222,Bonasa umbellus,129043
223,Botaurus lentiginosus,153573
224,Brachylagus idahoensis,299
225,Brachylagus idahoensis pop. 2,299
226,Brachyramphus marmoratus,48111
227,Branta bernicla,266593
228,Branta canadensis,5950237
229,Branta hutchinsii,264755
230,Bubo scandiacus,92056
231,Bubo virginianus,543477
232,Bubulcus ibis,522787
233,Bucephala albeola,1601612
234,Bucephala clangula,806691
235,Bucephala islandica,97381
236,Buteo albicaudatus,39540
237,Buteo albonotatus,30118
238,Buteo brachyurus,16421
239,Buteo jamaicensis,4365204
240,Buteo lagopus,213876
241,Buteo lineatus,1619683
242,Buteo nitidus,90
243,Buteo platypterus,333495
244,Buteo regalis,87909
245,Buteo swainsoni,267068
246,Buteogallus anthracinus,14172
247,Butorides virescens,1033952
248,Cairina moschata,57550
249,Calamospiza melanocorys,65060
250,Calcarius lapponicus,100305
251,Calcarius mccownii,408
252,Calcarius ornatus,19974
253,Calcarius pictus,6852
254,Calidris alba,537210
255,Calidris alpina,476135
256,Calidris canutus,95226
257,Calidris himantopus,134851
258,Calidris maritima,47026
259,Calidris mauri,364308
260,Calidris minutilla,987913
261,Calidris ptilocnemis,17230
262,Callipepla californica,488709
263,Callipepla gambelii,236747
264,Callipepla squamata,49353
265,Callisaurus draconoides,9742
266,Callorhinus ursinus,797
267,Calothorax lucifer,7941
268,Calypte anna,1427668
269,Calypte costae,96469
270,Camptostoma imberbe,22621
271,Campylorhynchus brunneicapillus,191628
272,Canis latrans,16911
273,Canis lupus,5628
274,Canis lupus baileyi,1378
275,Canis lupus rufus,172
276,Caprimulgus carolinensis,59867
277,Caprimulgus ridgwayi,1383
278,Caprimulgus vociferus,544
279,Caracara cheriway,184751
280,Cardellina rubrifrons,17693
281,Cardinalis cardinalis,8458818
282,Cardinalis sinuatus,120617
283,Carduelis flammea,16035
284,Carduelis hornemanni,714
285,Carduelis lawrencei,935
286,Carduelis pinus,47484
287,Carduelis psaltria,25046
288,Carduelis tristis,274411
289,Caretta caretta,2806
290,Carphophis amoenus,2483
291,Carphophis vermis,631
292,Carpodacus cassinii,7577
293,Carpodacus mexicanus,270192
294,Carpodacus purpureus,65475
295,Castor canadensis,7744
296,Cathartes aura,5089734
297,Catharus bicknelli,8253
298,Catharus fuscescens,367866
299,Catharus guttatus,1046420
300,Catharus ustulatus,611022
301,Catherpes mexicanus,167997
302,Cemophora coccinea,1401
303,Centrocercus minimus,37
304,Centrocercus urophasianus,9630
305,Cepphus columba,129716
306,Cepphus grylle,47272
307,Cerorhinca monocerata,81865
308,Certhia americana,854309
309,Cervus elaphus,5522
310,Cervus elaphus nannodes,107
311,Cervus elaphus roosevelti,5522
312,Cervus nippon,89
313,Chaetodipus baileyi,3432
314,Chaetodipus californicus,2323
315,Chaetodipus eremicus,1234
316,Chaetodipus fallax,1800
317,Chaetodipus formosus,5079
318,Chaetodipus hispidus,4148
319,Chaetodipus intermedius,4613
320,Chaetodipus nelsoni,585
321,Chaetodipus penicillatus,6034
322,Chaetodipus rudinoris,6
323,Chaetodipus spinatus,827
324,Chaetura pelagica,1349415
325,Chaetura vauxi,107327
326,Chamaea fasciata,294825
327,Charadrius alexandrinus,447
328,Charadrius alexandrinus nivosus,1222
329,Charadrius melodus,120335
330,Charadrius montanus,11332
331,Charadrius semipalmatus,557384
332,Charadrius vociferus,3306183
333,Charadrius wilsonia,58003
334,Charina bottae,1276
335,Charina umbratica,8
336,Chelonia mydas,1815
337,Chelydra serpentina,9549
338,Chen caerulescens,383781
339,Chen rossii,93889
340,Chilomeniscus stramineus,87
341,Chionactis occipitalis,1777
342,Chionactis palarostris,5
343,Chlidonias niger,151832
344,Chloroceryle americana,32801
345,Choeronycteris mexicana,250
346,Chondestes grammacus,397296
347,Chondrohierax uncinatus,1849
348,Chordeiles acutipennis,41807
349,Chordeiles gundlachii,1442
350,Chordeiles minor,337411
351,Chroicocephalus philadelphia,471711
352,Chrysemys dorsalis,113
353,Chrysemys picta,11238
354,Cinclus mexicanus,72727
355,Circus cyaneus,55744
356,Cistothorus palustris,716066
357,Cistothorus platensis,114958
358,Clangula hyemalis,259150
359,Clemmys guttata,964
360,Clonophis kirtlandii,96
361,Cnemidophorus lemniscatus,0
362,Coccothraustes vespertinus,163135
363,Coccyzus americanus,488756
364,Coccyzus erythropthalmus,78934
365,Coccyzus minor,3072
366,Colaptes auratus,4465054
367,Colaptes chrysoides,27889
368,Coleonyx brevis,506
369,Coleonyx reticulatus,40
370,Coleonyx switaki,16
371,Coleonyx variegatus,3505
372,Colinus virginianus,226422
373,Coluber bilineatus,337
374,Coluber constrictor,11463
375,Coluber flagellum,6624
376,Coluber fuliginosus,29
377,Coluber lateralis,1630
378,Coluber schotti,202
379,Coluber taeniatus,1300
380,Columba livia,2854067
381,Columbina inca,211287
382,Columbina passerina,231855
383,Condylura cristata,1064
384,Conepatus leuconotus,556
385,Coniophanes imperialis,38
386,Contia tenuis,991
387,Contopus cooperi,167139
388,Contopus pertinax,12903
389,Contopus sordidulus,435980
390,Contopus virens,1047341
391,Cophosaurus texanus,4163
392,Coragyps atratus,1404619
393,Corvus brachyrhynchos,8310328
394,Corvus caurinus,56253
395,Corvus corax,2249717
396,Corvus cryptoleucus,58197
397,Corvus imparatus,1233
398,Corvus ossifragus,1131386
399,Corynorhinus rafinesquii,366
400,Corynorhinus townsendii,4294
401,Corynorhinus townsendii australis,7
402,Corynorhinus townsendii ingens,8
403,Corynorhinus townsendii pallescens,1998
404,Corynorhinus townsendii townsendii,1024
405,Corynorhinus townsendii virginianus,42
406,Coturnicops noveboracensis,4770
407,Cratogeomys castanops,1909
408,Craugastor augusti,112
409,Crocodylus acutus,444
410,Crotalus adamanteus,1504
411,Crotalus atrox,7400
412,Crotalus cerastes,3026
413,Crotalus cerberus,178
414,Crotalus horridus,2578
415,Crotalus lepidus,722
416,Crotalus mitchellii,628
417,Crotalus molossus,860
418,Crotalus oreganus,7832
419,Crotalus pricei,95
420,Crotalus ruber,1196
421,Crotalus scutulatus,2454
422,Crotalus tigris,219
423,Crotalus viridis,6928
424,Crotalus willardi,96
425,Crotaphytus bicinctores,1502
426,Crotaphytus collaris,6263
427,Crotaphytus nebrius,42
428,Crotaphytus reticulatus,82
429,Crotaphytus vestigium,92
430,Crotophaga sulcirostris,15176
431,Cryptobranchus alleganiensis,244
432,Cryptobranchus alleganiensis alleganiensis,47
433,Cryptobranchus alleganiensis bishopi,7
434,Cryptotis parva,4765
435,Cyanocitta cristata,7051475
436,Cyanocitta stelleri,898883
437,Cyanocorax morio,22
438,Cyanocorax yncas,96936
439,Cygnus buccinator,199012
440,Cygnus columbianus,232783
441,Cygnus olor,576277
442,Cynanthus latirostris,92925
443,Cynomys gunnisoni,1247
444,Cynomys leucurus,933
445,Cynomys ludovicianus,3314
446,Cynomys parvidens,150
447,Cypseloides niger,9852
448,Cyrtonyx montezumae,12370
449,Dama dama,45
450,Dasypus novemcinctus,3741
451,Deirochelys reticularia,692
452,Dendragapus fuliginosus,18431
453,Dendragapus obscurus,13006
454,Dendrocygna autumnalis,256092
455,Dendrocygna bicolor,37504
456,Dendroica caerulescens,551
457,Dendroica castanea,1205
458,Dendroica cerulea,295
459,Dendroica chrysoparia,249
460,Dendroica coronata,67081
461,Dendroica discolor,652
462,Dendroica dominica,1555
463,Dendroica fusca,1055
464,Dendroica graciae,91
465,Dendroica kirtlandii,97
466,Dendroica magnolia,2205
467,Dendroica nigrescens,4450
468,Dendroica occidentalis,24390
469,Dendroica palmarum,5001
470,Dendroica pensylvanica,1393
471,Dendroica petechia,13380
472,Dendroica pinus,22051
473,Dendroica striata,2300
474,Dendroica tigrina,1025
475,Dendroica townsendi,4120
476,Dendroica virens,1102
477,Dermochelys coriacea,586
478,Desmognathus abditus,96
479,Desmognathus aeneus,702
480,Desmognathus apalachicolae,2015
481,Desmognathus auriculatus,3055
482,Desmognathus brimleyorum,1909
483,Desmognathus carolinensis,4726
484,Desmognathus conanti,4441
485,Desmognathus folkertsi,60
486,Desmognathus fuscus,17514
487,Desmognathus imitator,2642
488,Desmognathus marmoratus,2685
489,Desmognathus monticola,7196
490,Desmognathus ochrophaeus,11142
491,Desmognathus ocoee,9028
492,Desmognathus orestes,3349
493,Desmognathus quadramaculatus,3624
494,Desmognathus santeetlah,810
495,Desmognathus welteri,440
496,Desmognathus wrighti,1109
497,Diadophis punctatus,11703
498,Dicamptodon aterrimus,38
499,Dicamptodon copei,174
500,Dicamptodon ensatus,1460
501,Dicamptodon tenebrosus,2319
502,Didelphis virginiana,8854
503,Dipodomys agilis,3466
504,Dipodomys californicus,1050
505,Dipodomys compactus,425
506,Dipodomys deserti,2321
507,Dipodomys elator,305
508,Dipodomys heermanni,2503
509,Dipodomys heermanni morroensis,249
510,Dipodomys ingens,226
511,Dipodomys merriami,24245
512,Dipodomys microps,3313
513,Dipodomys nitratoides,928
514,Dipodomys nitratoides exilis,18
515,Dipodomys nitratoides nitratoides,297
516,Dipodomys ordii,21153
517,Dipodomys panamintinus,3650
518,Dipodomys simulans,622
519,Dipodomys spectabilis,1697
520,Dipodomys stephensi,455
521,Dipodomys venustus,523
522,Dipsosaurus dorsalis,4020
523,Dolichonyx oryzivorus,275350
524,Drymarchon couperi,53
525,Drymarchon melanurus,284
526,Drymobius margaritiferus,23
527,Dryocopus pileatus,1588519
528,Dumetella carolinensis,2773037
529,Egretta caerulea,696423
530,Egretta rufescens,130992
531,Egretta thula,1506689
532,Egretta tricolor,537809
533,Elanoides forficatus,80460
534,Elanus leucurus,209237
535,Eleutherodactylus cystignathoides,572
536,Eleutherodactylus guttilatus,11
537,Eleutherodactylus marnockii,472
538,Eleutherodactylus planirostris,2523
539,Elgaria coerulea,4895
540,Elgaria kingii,426
541,Elgaria multicarinata,9872
542,Elgaria panamintina,86
543,Empidonax alnorum,103279
544,Empidonax difficilis,250776
545,Empidonax flaviventris,55008
546,Empidonax fulvifrons,6836
547,Empidonax hammondii,80708
548,Empidonax minimus,288970
549,Empidonax oberholseri,101056
550,Empidonax occidentalis,57804
551,Empidonax traillii,323392
552,Empidonax virescens,265344
553,Empidonax wrightii,62113
554,Emydoidea blandingii,509
555,Enhydra lutris,8387
556,Ensatina eschscholtzii,16700
557,Eptesicus fuscus,10792
558,Equus caballus,850
559,Eremophila alpestris,711127
560,Erethizon dorsata,3653
561,Eretmochelys imbricata,109
562,Euderma maculatum,93
563,Eudocimus albus,739654
564,Eugenes fulgens,36101
565,Eumetopias jubatus,2316
566,Eumops floridanus,38
567,Eumops glaucinus,11
568,Eumops perotis,496
569,Eumops underwoodi,40
570,Euphagus carolinus,198637
571,Euphagus cyanocephalus,822762
572,Eurycea aquatica,518
573,Eurycea bislineata,5631
574,Eurycea chamberlaini,317
575,Eurycea chisholmensis,10
576,Eurycea cirrigera,5855
577,Eurycea guttolineata,2246
578,Eurycea junaluska,31
579,Eurycea latitans,39
580,Eurycea longicauda,2377
581,Eurycea lucifuga,1456
582,Eurycea multiplicata,754
583,Eurycea nana,638
584,Eurycea naufragia,63
585,Eurycea neotenes,2970
586,Eurycea pterophila,96
587,Eurycea quadridigitata,2765
588,Eurycea rathbuni,31
589,Eurycea robusta,0
590,Eurycea sosorum,10
591,Eurycea spelaea,365
592,Eurycea tonkawae,44
593,Eurycea tridentifera,64
594,Eurycea troglodytes,136
595,Eurycea tynerensis,413
596,Eurycea waterlooensis,3
597,Eurycea wilderae,3760
598,Falcipennis canadensis,9948
599,Falco columbarius,411617
600,Falco femoralis,6464
601,Falco mexicanus,100928
602,Falco peregrinus,489307
603,Falco rusticolus,275
604,Falco sparverius,2030864
605,Farancia abacura,1419
606,Farancia erytrogramma,224
607,Ficimia streckeri,38
608,Fratercula arctica,15061
609,Fratercula cirrhata,29972
610,Fregata magnificens,64103
611,Fulica americana,2314823
612,Gallinago delicata,495759
613,Gallinula chloropus,527614
614,Gambelia copeii,7
615,Gambelia sila,714
616,Gambelia wislizenii,3601
617,Gastrophryne carolinensis,4690
618,Gastrophryne olivacea,2498
619,Gavia immer,884519
620,Gavia pacifica,120171
621,Gavia stellata,266432
622,Gelochelidon nilotica,61135
623,Geococcyx californianus,219958
624,Geomys arenarius,547
625,Geomys attwateri,533
626,Geomys breviceps,1882
627,Geomys bursarius,6830
628,Geomys knoxjonesi,306
629,Geomys personatus,679
630,Geomys pinetis,1339
631,Geomys streckeri,0
632,Geomys texensis,324
633,Geothlypis trichas,2564718
634,Gerrhonotus infernalis,227
635,Glaucidium brasilianum,2719
636,Glaucidium brasilianum cactorum,37
637,Glaucidium gnoma,33112
638,Glaucidium gnoma californicum,302
639,Glaucidium gnoma gnoma,24
640,Glaucomys sabrinus,2520
641,Glaucomys sabrinus californicus,47
642,Glaucomys sabrinus coloratus,4
643,Glaucomys sabrinus fuscus,2
644,Glaucomys volans,2892
645,Glyptemys insculpta,565
646,Glyptemys muhlenbergii,84
647,Gonatodes albogularis,32
648,Gopherus agassizii,2459
649,Gopherus berlandieri,898
650,Gopherus polyphemus,3556
651,Graptemys barbouri,97
652,Graptemys caglei,286
653,Graptemys ernsti,142
654,Graptemys flavimaculata,55
655,Graptemys geographica,1076
656,Graptemys gibbonsi,114
657,Graptemys nigrinoda,186
658,Graptemys oculifera,33
659,Graptemys ouachitensis,411
660,Graptemys pseudogeographica,1040
661,Graptemys pulchra,133
662,Graptemys versa,325
663,Grus americana,16759
664,Grus canadensis,705607
665,Gulo gulo,905
666,Gyalopion canum,193
667,Gyalopion quadrangulare,11
668,Gymnogyps californianus,10343
669,Gymnorhinus cyanocephalus,45634
670,Gyrinophilus gulolineatus,4
671,Gyrinophilus palleucus,26
672,Gyrinophilus porphyriticus,2556
673,Gyrinophilus subterraneus,6
674,Haematopus bachmani,117776
675,Haematopus palliatus,224690
676,Haideotriton wallacei,20
677,Haliaeetus leucocephalus,2073898
678,Helmitheros vermivorum,130381
679,Heloderma suspectum,639
680,Hemidactylium scutatum,1107
681,Hemidactylus mabouia,1646
682,Hemitragus jemlahicus,2
683,Heterodon gloydi,20
684,Heterodon kennerlyi,205
685,Heterodon nasicus,902
686,Heterodon platirhinos,3244
687,Heterodon simus,149
688,Himantopus mexicanus,553230
689,Hirundo rustica,2923040
690,Histrionicus histrionicus,109014
691,Holbrookia elegans,375
692,Holbrookia lacerata,213
693,Holbrookia maculata,4485
694,Holbrookia propinqua,1034
695,Hydrocoloeus minutus,12783
696,Hydromantes brunus,186
697,Hydromantes platycephalus,581
698,Hydromantes shastae,168
699,Hydroprogne caspia,592301
700,Hyla andersonii,159
701,Hyla arenicolor,1580
702,Hyla avivoca,615
703,Hyla chrysoscelis,5592
704,Hyla cinerea,12663
705,Hyla femoralis,2009
706,Hyla gratiosa,1016
707,Hyla squirella,6675
708,Hyla versicolor,8346
709,Hyla wrightorum,200
710,Hylocichla mustelina,699677
711,Hypopachus variolosus,144
712,Hypsiglena chlorophaea,381
713,Hypsiglena jani,646
714,Hypsiglena ochrorhyncha,389
715,Icteria virens,327955
716,Icterus bullockii,328333
717,Icterus cucullatus,164358
718,Icterus galbula,1137279
719,Icterus graduacauda,12077
720,Icterus gularis,36957
721,Icterus parisorum,48387
722,Icterus pectoralis,6044
723,Icterus pustulatus,1530
724,Icterus spurius,459268
725,Ictinia mississippiensis,151309
726,Idionycteris phyllotis,184
727,Ixobrychus exilis,89137
728,Ixoreus naevius,200926
729,Junco hyemalis,4638364
730,Junco phaeonotus,39715
731,Kinosternon arizonense,5
732,Kinosternon baurii,1084
733,Kinosternon flavescens,1891
734,Kinosternon hirtipes,16
735,Kinosternon sonoriense,251
736,Kinosternon subrubrum,2717
737,Lagopus leucura,4855
738,Lampornis clemenciae,16582
739,Lampropeltis alterna,140
740,Lampropeltis calligaster,1704
741,Lampropeltis extenuata,37
742,Lampropeltis getula,3126
743,Lampropeltis pyromelana,271
744,Lampropeltis triangulum,2700
745,Lampropeltis zonata,676
746,Lanius excubitor,2157
747,Lanius ludovicianus,686105
748,Larus argentatus,2155725
749,Larus californicus,638767
750,Larus canus,208944
751,Larus delawarensis,3403703
752,Larus fuscus,143398
753,Larus glaucescens,369581
754,Larus glaucoides,104378
755,Larus heermanni,186033
756,Larus hyperboreus,75214
757,Larus livens,4200
758,Larus marinus,944093
759,Larus occidentalis,600078
760,Larus thayeri,566
761,Lasionycteris noctivagans,2616
762,Lasiurus blossevillii,139
763,Lasiurus borealis,4020
764,Lasiurus cinereus,2881
765,Lasiurus ega,216
766,Lasiurus intermedius,318
767,Lasiurus seminolus,495
768,Lasiurus xanthinus,87
769,Laterallus jamaicensis,8019
770,Laterallus jamaicensis coturniculus,312
771,Lemmiscus curtatus,1504
772,Leopardus pardalis,55
773,Lepidochelys kempii,273
774,Lepidochelys olivacea,18
775,Leptodactylus fragilis,8
776,Leptodeira septentrionalis,30
777,Leptonycteris curasoae,55
778,Leptonycteris nivalis,189
779,Leptotila verreauxi,57429
780,Leptotyphlops dissectus,3
781,Leptotyphlops dulcis,384
782,Leptotyphlops humilis,312
783,Lepus alleni,208
784,Lepus americanus,3101
785,Lepus californicus,5883
786,Lepus callotis,18
787,Lepus townsendii,1059
788,Leucophaeus atricilla,1085640
789,Leucophaeus pipixcan,152862
790,Leucosticte atrata,8340
791,Leucosticte australis,9212
792,Leucosticte tephrocotis,28890
793,Lichanura trivirgata,442
794,Limnodromus griseus,301512
795,Limnodromus scolopaceus,320286
796,Limnothlypis swainsonii,27097
797,Limosa fedoa,279358
798,Liomys irroratus,378
799,Lithobates areolatus,919
800,Lithobates berlandieri,3031
801,Lithobates blairi,3913
802,Lithobates capito,525
803,Lithobates catesbeianus,22207
804,Lithobates chiricahuensis,499
805,Lithobates clamitans,19810
806,Lithobates grylio,1998
807,Lithobates heckscheri,538
808,Lithobates okaloosae,48
809,Lithobates onca,233
810,Lithobates palustris,3951
811,Lithobates pipiens,11012
812,Lithobates septentrionalis,483
813,Lithobates sevosus,15
814,Lithobates sphenocephalus,11951
815,Lithobates sylvaticus,15288
816,Lithobates virgatipes,486
817,Lithobates yavapaiensis,523
818,Lontra canadensis,3988
819,Lophodytes cucullatus,1009522
820,Loxia curvirostra,164400
821,Loxia leucoptera,37604
822,Lynx canadensis,2143
823,Lynx rufus,9439
824,Macrochelys temminckii,369
825,Macrotus californicus,2242
826,Malaclemys terrapin,2263
827,Marmota caligata,825
828,Marmota flaviventris,3321
829,Marmota flaviventris notioros,0
830,Marmota monax,4028
831,Marmota olympus,111
832,Martes americana,7692
833,Martes pennanti,2452
834,Megaceryle alcyon,2255478
835,Megascops asio,170095
836,Megascops kennicottii,50182
837,Megascops trichopsis,7012
838,Melanerpes aurifrons,215847
839,Melanerpes carolinus,5028901
840,Melanerpes erythrocephalus,535814
841,Melanerpes formicivorus,547431
842,Melanerpes lewis,59071
843,Melanerpes uropygialis,253011
844,Melanitta fusca,240847
845,Melanitta nigra,191449
846,Melanitta perspicillata,423412
847,Meleagris gallopavo,883070
848,Meleagris gallopavo merriami,140
849,Meleagris gallopavo mexicana,52
850,Melospiza georgiana,955266
851,Melospiza lincolnii,618007
852,Melospiza melodia,6362133
853,Mephitis macroura,164
854,Mephitis mephitis,6963
855,Mergus merganser,962806
856,Mergus serrator,783185
857,Micrathene whitneyi,13158
858,Microdipodops megacephalus,2472
859,Microdipodops megacephalus nasutus,2
860,Microdipodops pallidus,1329
861,Microtus californicus,9671
862,Microtus californicus scirpensis,18
863,Microtus canicaudus,195
864,Microtus chrotorrhinus,174
865,Microtus chrotorrhinus carolinensis,52
866,Microtus longicaudus,14209
867,Microtus longicaudus leucophaeus,118
868,Microtus mogollonensis,1154
869,Microtus montanus,8862
870,Microtus montanus arizonensis,143
871,Microtus montanus fucosus,68
872,Microtus montanus nevadensis,13
873,Microtus ochrogaster,8030
874,Microtus ochrogaster taylori,11
875,Microtus oregoni,1742
876,Microtus pennsylvanicus,17295
877,Microtus pennsylvanicus dukecampbelli,0
878,Microtus pinetorum,3377
879,Microtus richardsoni,918
880,Microtus townsendii,1182
881,Microtus townsendii pugeti,24
882,Micruroides euryxanthus,160
883,Micrurus fulvius,1083
884,Micrurus tener,846
885,Mimus polyglottos,4244494
886,Mirounga angustirostris,1534
887,Mniotilta varia,903279
888,Molossus molossus,2
889,Molothrus aeneus,67307
890,Molothrus ater,2686976
891,Molothrus bonariensis,2552
892,Mormoops megalophylla,275
893,Mus musculus,10867
894,Mustela erminea,2493
895,Mustela frenata,3457
896,Mustela nigripes,174
897,Mustela nivalis,704
898,Myadestes townsendi,181340
899,Mycteria americana,241074
900,Myiarchus cinerascens,277877
901,Myiarchus crinitus,1083657
902,Myiarchus tuberculifer,33667
903,Myiarchus tyrannulus,65132
904,Myioborus pictus,51574
905,Myiodynastes luteiventris,12718
906,Myiopsitta monachus,74205
907,Myocastor coypus,2559
908,Myodes californicus,1950
909,Myodes gapperi,14571
910,Myodes gapperi brevicaudus,248
911,Myotis auriculus,351
912,Myotis austroriparius,932
913,Myotis californicus,3242
914,Myotis ciliolabrum,1742
915,Myotis evotis,1671
916,Myotis grisescens,2879
917,Myotis keenii,521
918,Myotis leibii,298
919,Myotis lucifugus,8256
920,Myotis occultus,609
921,Myotis septentrionalis,489
922,Myotis sodalis,1806
923,Myotis thysanodes,2106
924,Myotis velifer,5055
925,Myotis volans,3114
926,Myotis yumanensis,4703
927,Napaeozapus insignis,3050
928,Nasua narica,290
929,Necturus alabamensis,185
930,Necturus beyeri,338
931,Necturus lewisi,82
932,Necturus maculosus,699
933,Necturus punctatus,247
934,Neofiber alleni,917
935,Neotoma albigula,8720
936,Neotoma cinerea,3178
937,Neotoma devia,360
938,Neotoma floridana,2850
939,Neotoma floridana smalli,29
940,Neotoma fuscipes,2754
941,Neotoma fuscipes riparia,9
942,Neotoma lepida,6934
943,Neotoma leucodon,960
944,Neotoma macrotis,2244
945,Neotoma magister,114
946,Neotoma mexicana,2381
947,Neotoma micropus,3646
948,Neotoma stephensi,592
949,Neovison vison,6568
950,Nerodia clarkii,1227
951,Nerodia cyclopion,574
952,Nerodia erythrogaster,4918
953,Nerodia fasciata,6190
954,Nerodia floridana,888
955,Nerodia harteri,142
956,Nerodia paucimaculata,70
957,Nerodia rhombifer,3249
958,Nerodia sipedon,10450
959,Nerodia taxispilota,3103
960,Neurotrichus gibbsii,2426
961,Nomonyx dominicus,1107
962,Notiosorex cockrumi,5
963,Notiosorex crawfordi,1525
964,Notophthalmus meridionalis,47
965,Notophthalmus perstriatus,64
966,Notophthalmus viridescens,16666
967,Nucifraga columbiana,109694
968,Numenius americanus,218275
969,Numenius phaeopus,204549
970,Nyctanassa violacea,227929
971,Nycticeius humeralis,2012
972,Nycticorax nycticorax,694483
973,Nyctidromus albicollis,22542
974,Nyctinomops femorosaccus,195
975,Nyctinomops macrotis,411
976,Oceanodroma furcata,15667
977,Oceanodroma homochroa,14557
978,Oceanodroma leucorhoa,29025
979,Ochotona princeps,6731
980,Ochrotomys nuttalli,1996
981,Odocoileus hemionus,15656
982,Odocoileus virginianus,33380
983,Odocoileus virginianus clavium,233
984,Odocoileus virginianus leucurus,33
985,Odocoileus virginianus nigribarbis,0
986,Ollotis alvaria,0
987,Ollotis nebulifer,0
988,Ondatra zibethicus,9750
989,Onychomys arenicola,536
990,Onychomys leucogaster,9292
991,Onychomys torridus,3920
992,Onychoprion anaethetus,6062
993,Onychoprion fuscatus,9707
994,Opheodrys aestivus,4361
995,Opheodrys vernalis,999
996,Ophisaurus attenuatus,2037
997,Ophisaurus compressus,218
998,Ophisaurus mimicus,62
999,Ophisaurus ventralis,1494
1000,Oporornis agilis,16026
1001,Oporornis formosus,210
1002,Oporornis philadelphia,367
1003,Oporornis tolmiei,8027
1004,Oreamnos americanus,920
1005,Oreortyx pictus,41874
1006,Oreoscoptes montanus,70938
1007,Ortalis vetula,60951
1008,Oryx gazella,26
1009,Oryzomys couesi,246
1010,Oryzomys palustris,3287
1011,Oryzomys palustris natator,68
1012,Osteopilus septentrionalis,6097
1013,Otus flammeolus,7549
1014,Ovis canadensis,3634
1015,Oxybelis aeneus,21
1016,Oxyura jamaicensis,1133731
1017,Pachyramphus aglaiae,3368
1018,Pandion haliaetus,1968874
1019,Panthera onca,383
1020,Pantherophis alleghaniensis,3897
1021,Pantherophis bairdi,151
1022,Pantherophis emoryi,1536
1023,Pantherophis gloydi,1
1024,Pantherophis guttatus,2841
1025,Pantherophis obsoletus,6478
1026,Pantherophis slowinskii,52
1027,Pantherophis spiloides,1563
1028,Pantherophis vulpina,354
1029,Parabuteo unicinctus,76892
1030,Parascalops breweri,707
1031,Parula americana,1661
1032,Parula pitiayumi,30
1033,Passer domesticus,4904072
1034,Passer montanus,25952
1035,Passerculus sandwichensis,1323859
1036,Passerella iliaca,659033
1037,Passerina amoena,222526
1038,Passerina caerulea,427601
1039,Passerina ciris,190319
1040,Passerina cyanea,1309211
1041,Passerina versicolor,18094
1042,Patagioenas fasciata,280194
1043,Patagioenas flavirostris,2467
1044,Patagioenas leucocephala,15587
1045,Pecari tajacu,1313
1046,Pelecanus erythrorhynchos,723814
1047,Pelecanus occidentalis,867268
1048,Pelecanus occidentalis californicus,1597
1049,Pelecanus occidentalis carolinensis,495
1050,Perdix perdix,15544
1051,Perisoreus canadensis,80845
1052,Perognathus alticolus,192
1053,Perognathus amplus,2178
1054,Perognathus fasciatus,468
1055,Perognathus flavescens,2191
1056,Perognathus flavus,6659
1057,Perognathus inornatus,588
1058,Perognathus longimembris,7404
1059,Perognathus longimembris pacificus,359
1060,Perognathus merriami,1052
1061,Perognathus parvus,4191
1062,Peromyscus attwateri,2098
1063,Peromyscus boylii,15565
1064,Peromyscus californicus,4401
1065,Peromyscus crinitus,6259
1066,Peromyscus eremicus,12999
1067,Peromyscus fraterculus,90
1068,Peromyscus gossypinus,6530
1069,Peromyscus gratus,26
1070,Peromyscus keeni,11371
1071,Peromyscus leucopus,47788
1072,Peromyscus maniculatus,121695
1073,Peromyscus melanotis,152
1074,Peromyscus merriami,403
1075,Peromyscus nasutus,2165
1076,Peromyscus pectoralis,2322
1077,Peromyscus polionotus,2952
1078,Peromyscus polionotus allophrys,220
1079,Peromyscus polionotus ammobates,30
1080,Peromyscus polionotus leucocephalus,282
1081,Peromyscus polionotus niveiventris,163
1082,Peromyscus polionotus peninsularis,12
1083,Peromyscus polionotus phasma,136
1084,Peromyscus polionotus trissyllepsis,55
1085,Peromyscus truei,15994
1086,Peromyscus truei comanche,190
1087,Petrochelidon fulva,63336
1088,Petrochelidon pyrrhonota,817865
1089,Petrosaurus mearnsi,809
1090,Peucedramus taeniatus,12416
1091,Phaeognathus hubrichti,93
1092,Phainopepla nitens,213515
1093,Phalacrocorax auritus,3345827
1094,Phalacrocorax brasilianus,230493
1095,Phalacrocorax carbo,80679
1096,Phalacrocorax pelagicus,203994
1097,Phalacrocorax penicillatus,195660
1098,Phalaenoptilus nuttallii,40890
1099,Phalaropus fulicarius,51260
1100,Phalaropus tricolor,178722
1101,Phasianus colchicus,353447
1102,Phenacomys intermedius,582
1103,Phenacomys ungava,0
1104,Pheucticus ludovicianus,754776
1105,Pheucticus melanocephalus,517452
1106,Phoca vitulina,6593
1107,Phoenicopterus ruber,1531
1108,Phrynosoma blainvillii,1735
1109,Phrynosoma cornutum,4340
1110,Phrynosoma douglasii,659
1111,Phrynosoma goodei,35
1112,Phrynosoma hernandesi,2940
1113,Phrynosoma mcallii,737
1114,Phrynosoma modestum,1482
1115,Phrynosoma platyrhinos,3666
1116,Phrynosoma solare,536
1117,Phyllodactylus nocticolus,84
1118,Phyllorhynchus browni,87
1119,Phyllorhynchus decurtatus,1525
1120,Pica hudsonia,677542
1121,Pica nuttalli,63124
1122,Picoides albolarvatus,2580
1123,Picoides arcticus,18463
1124,Picoides arizonae,190
1125,Picoides borealis,805
1126,Picoides dorsalis,16893
1127,Picoides nuttallii,9980
1128,Picoides pubescens,261682
1129,Picoides scalaris,4018
1130,Picoides villosus,2069388
1131,Pinicola enucleator,57386
1132,Pipilo aberti,2051
1133,Pipilo chlorurus,147994
1134,Pipilo crissalis,15018
1135,Pipilo erythrophthalmus,1908890
1136,Pipilo fuscus,2914
1137,Pipilo maculatus,1426053
1138,Pipistrellus hesperus,741
1139,Pipistrellus subflavus,1198
1140,Piranga flava,37552
1141,Piranga ludoviciana,448080
1142,Piranga olivacea,605977
1143,Piranga rubra,462805
1144,Pitangus sulphuratus,123942
1145,Pituophis catenifer,16035
1146,Pituophis melanoleucus,857
1147,Pituophis melanoleucus lodingi,25
1148,Pituophis melanoleucus mugitus,93
1149,Pituophis ruthveni,23
1150,Platalea ajaja,230786
1151,Plectrophenax nivalis,131659
1152,Plegadis chihi,286635
1153,Plegadis falcinellus,270021
1154,Plestiodon anthracinus,392
1155,Plestiodon callicephalus,25
1156,Plestiodon egregius,235
1157,Plestiodon fasciatus,5215
1158,Plestiodon gilberti,2352
1159,Plestiodon inexpectatus,2542
1160,Plestiodon laticeps,2242
1161,Plestiodon multivirgatus,566
1162,Plestiodon obsoletus,2057
1163,Plestiodon reynoldsi,71
1164,Plestiodon septentrionalis,607
1165,Plestiodon skiltonianus,5119
1166,Plestiodon tetragrammus,408
1167,Plethodon albagula,2368
1168,Plethodon amplus,313
1169,Plethodon angusticlavius,465
1170,Plethodon asupak,9
1171,Plethodon aureolus,787
1172,Plethodon caddoensis,1129
1173,Plethodon chattahoochee,533
1174,Plethodon cheoah,1187
1175,Plethodon chlorobryonis,1957
1176,Plethodon cinereus,92524
1177,Plethodon cylindraceus,6683
1178,Plethodon dorsalis,2123
1179,Plethodon dunni,1147
1180,Plethodon electromorphus,494
1181,Plethodon elongatus,2030
1182,Plethodon fourchensis,499
1183,Plethodon glutinosus,18002
1184,Plethodon grobmani,2465
1185,Plethodon hoffmani,1724
1186,Plethodon hubrichti,1570
1187,Plethodon idahoensis,137
1188,Plethodon jordani,9947
1189,Plethodon kentucki,702
1190,Plethodon kiamichi,407
1191,Plethodon kisatchie,61
1192,Plethodon larselli,89
1193,Plethodon meridianus,527
1194,Plethodon metcalfi,7633
1195,Plethodon mississippi,1784
1196,Plethodon montanus,10687
1197,Plethodon neomexicanus,833
1198,Plethodon nettingi,797
1199,Plethodon ocmulgee,274
1200,Plethodon ouachitae,2270
1201,Plethodon petraeus,66
1202,Plethodon punctatus,302
1203,Plethodon richmondi,3762
1204,Plethodon savannah,91
1205,Plethodon sequoyah,242
1206,Plethodon serratus,4899
1207,Plethodon shenandoah,911
1208,Plethodon sherando,59
1209,Plethodon shermani,4573
1210,Plethodon stormi,126
1211,Plethodon teyahalee,6001
1212,Plethodon vandykei,149
1213,Plethodon variolatus,1123
1214,Plethodon vehiculum,2362
1215,Plethodon ventralis,1039
1216,Plethodon virginia,470
1217,Plethodon websteri,1368
1218,Plethodon wehrlei,1155
1219,Plethodon welleri,1171
1220,Plethodon yonahlossee,1230
1221,Pluvialis fulva,49120
1222,Pluvialis squatarola,580878
1223,Podiceps auritus,547404
1224,Podiceps grisegena,168863
1225,Podiceps nigricollis,383021
1226,Podilymbus podiceps,1893376
1227,Podomys floridanus,886
1228,Poecile atricapillus,4744560
1229,Poecile carolinensis,3076948
1230,Poecile gambeli,482101
1231,Poecile hudsonica,29201
1232,Poecile rufescens,584658
1233,Poecile sclateri,5330
1234,Polioptila caerulea,1807898
1235,Polioptila californica,19663
1236,Polioptila melanura,100192
1237,Pooecetes gramineus,315777
1238,Pooecetes gramineus affinis,138
1239,Porphyrio martinica,72704
1240,Porzana carolina,315851
1241,Procyon lotor,16819
1242,Progne subis,700490
1243,Protonotaria citrea,206798
1244,Psaltriparus minimus,829822
1245,Pseudacris brachyphona,503
1246,Pseudacris brimleyi,382
1247,Pseudacris cadaverina,3859
1248,Pseudacris clarkii,1177
1249,Pseudacris crucifer,13469
1250,Pseudacris feriarum,1981
1251,Pseudacris hypochondriaca,1671
1252,Pseudacris illinoensis,14
1253,Pseudacris kalmi,81
1254,Pseudacris maculata,3695
1255,Pseudacris nigrita,1164
1256,Pseudacris ocularis,1004
1257,Pseudacris ornata,501
1258,Pseudacris regilla,20046
1259,Pseudacris sierra,3872
1260,Pseudacris streckeri,1111
1261,Pseudacris triseriata,4388
1262,Pseudemys alabamensis,66
1263,Pseudemys concinna,3861
1264,Pseudemys gorzugi,218
1265,Pseudemys nelsoni,1241
1266,Pseudemys peninsularis,575
1267,Pseudemys rubriventris,926
1268,Pseudemys suwanniensis,43
1269,Pseudemys texana,1306
1270,Pseudobranchus axanthus,439
1271,Pseudobranchus striatus,985
1272,Pseudotriton montanus,787
1273,Pseudotriton ruber,6379
1274,Ptychoramphus aleuticus,43796
1275,Puffinus puffinus,14873
1276,Puma concolor,2248
1277,Puma concolor coryi,10
1278,Puma yagouarondi,2473
1279,Puma yagouaroundi cacomitli,5
1280,Pyrocephalus rubinus,201338
1281,Quiscalus major,570813
1282,Quiscalus mexicanus,933262
1283,Quiscalus quiscula,3658370
1284,Rallus elegans,38706
1285,Rallus limicola,227729
1286,Rallus longirostris,2666
1287,Rana aurora,2233
1288,Rana boylii,3891
1289,Rana cascadae,1954
1290,Rana draytonii,1899
1291,Rana luteiventris,1738
1292,Rana muscosa,1735
1293,Rana pretiosa,1144
1294,Rana sierrae,706
1295,Rangifer tarandus,1387
1296,Rangifer tarandus caribou,37
1297,Rattus norvegicus,2333
1298,Rattus rattus,2160
1299,Recurvirostra americana,428744
1300,Regina alleni,254
1301,Regina grahamii,613
1302,Regina rigida,139
1303,Regina septemvittata,1045
1304,Regulus calendula,2251380
1305,Regulus satrapa,1010176
1306,Reithrodontomys fulvescens,4221
1307,Reithrodontomys humulis,725
1308,Reithrodontomys megalotis,18555
1309,Reithrodontomys montanus,1565
1310,Reithrodontomys raviventris,1007
1311,Rhadinaea flavilata,385
1312,Rhinella marinus,1848
1313,Rhineura floridana,359
1314,Rhinocheilus lecontei,3049
1315,Rhinophrynus dorsalis,32
1316,Rhyacotriton cascadae,434
1317,Rhyacotriton kezeri,519
1318,Rhyacotriton olympicus,922
1319,Rhyacotriton variegatus,1089
1320,Riparia riparia,304958
1321,Rostrhamus sociabilis,17714
1322,Rusa unicolor,10
1323,Rynchops niger,218405
1324,Salpinctes obsoletus,205477
1325,Salvadora grahamiae,738
1326,Salvadora hexalepis,1146
1327,Sauromalus ater,3028
1328,Sayornis nigricans,1258684
1329,Sayornis phoebe,2360412
1330,Sayornis saya,613819
1331,Scalopus aquaticus,4741
1332,Scalopus aquaticus anastasae,2
1333,Scalopus aquaticus texanus,6
1334,Scapanus latimanus,1767
1335,Scapanus orarius,694
1336,Scapanus townsendii,805
1337,Scaphiopus couchii,3364
1338,Scaphiopus holbrookii,3594
1339,Scaphiopus hurterii,745
1340,Sceloporus arenicolus,225
1341,Sceloporus bimaculosus,364
1342,Sceloporus clarkii,1523
1343,Sceloporus graciosus,12196
1344,Sceloporus grammicus,198
1345,Sceloporus jarrovii,2274
1346,Sceloporus magister,3822
1347,Sceloporus merriami,1295
1348,Sceloporus occidentalis,43948
1349,Sceloporus olivaceus,4598
1350,Sceloporus orcutti,1862
1351,Sceloporus poinsettii,1601
1352,Sceloporus slevini,142
1353,Sceloporus tristichus,2947
1354,Sceloporus undulatus,13137
1355,Sceloporus uniformis,1146
1356,Sceloporus variabilis,879
1357,Sceloporus virgatus,917
1358,Sceloporus woodi,2204
1359,Scincella lateralis,7328
1360,Sciurus aberti,1247
1361,Sciurus aberti kaibabensis,40
1362,Sciurus arizonensis,652
1363,Sciurus aureogaster,3
1364,Sciurus carolinensis,25895
1365,Sciurus griseus,2964
1366,Sciurus nayaritensis,102
1367,Sciurus niger,21116
1368,Sciurus niger avicennia,26
1369,Sciurus niger cinereus,184
1370,Scolopax minor,138269
1371,Seiurus aurocapilla,761160
1372,Seiurus motacilla,459
1373,Seiurus noveboracensis,1644
1374,Selasphorus platycercus,205984
1375,Selasphorus rufus,291812
1376,Selasphorus sasin,229611
1377,Seminatrix pygaea,223
1378,Senticolis triaspis,50
1379,Setophaga ruticilla,1008859
1380,Sialia currucoides,199294
1381,Sialia mexicana,539198
1382,Sialia sialis,2534809
1383,Sigmodon arizonae,1126
1384,Sigmodon arizonae cienegae,83
1385,Sigmodon arizonae plenus,54
1386,Sigmodon fulviventer,585
1387,Sigmodon hispidus,24050
1388,Sigmodon ochrognathus,380
1389,Siren intermedia,2122
1390,Siren lacertina,975
1391,Sistrurus catenatus,1270
1392,Sistrurus miliarius,1745
1393,Sitta canadensis,1366829
1394,Sitta carolinensis,4358706
1395,Sitta pusilla,367915
1396,Sitta pygmaea,257577
1397,Smilisca baudinii,32
1398,Smilisca fodiens,79
1399,Somateria mollissima,233312
1400,Somateria spectabilis,24053
1401,Sonora semiannulata,3783
1402,Sorex arcticus,453
1403,Sorex arizonae,94
1404,Sorex bairdi,490
1405,Sorex bendirii,561
1406,Sorex cinereus,24035
1407,Sorex dispar,129
1408,Sorex fumeus,2747
1409,Sorex haydeni,761
1410,Sorex hoyi,1044
1411,Sorex longirostris,1049
1412,Sorex lyelli,39
1413,Sorex merriami,432
1414,Sorex monticolus,17565
1415,Sorex nanus,277
1416,Sorex neomexicanus,122
1417,Sorex ornatus,1469
1418,Sorex ornatus relictus,18
1419,Sorex ornatus salarius,78
1420,Sorex ornatus salicornus,1469
1421,Sorex ornatus sinuosus,75
1422,Sorex ornatus willetti,10
1423,Sorex pacificus,1458
1424,Sorex pacificus cascadensis,160
1425,Sorex pacificus pacificus,904
1426,Sorex palustris,2300
1427,Sorex preblei,131
1428,Sorex sonomae,1280
1429,Sorex tenellus,78
1430,Sorex trowbridgii,9219
1431,Sorex vagrans,6555
1432,Sorex vagrans halicoetes,252
1433,Sorex vagrans paludivagus,56
1434,Spea bombifrons,3855
1435,Spea hammondii,1228
1436,Spea intermontana,1945
1437,Spea multiplicata,1822
1438,Spermophilus armatus,188
1439,Spermophilus beecheyi,1391
1440,Spermophilus beldingi,593
1441,Spermophilus brunneus,6
1442,Spermophilus brunneus brunneus,0
1443,Spermophilus brunneus endemicus,0
1444,Spermophilus canus,30
1445,Spermophilus columbianus,371
1446,Spermophilus franklinii,183
1447,Spermophilus lateralis,1689
1448,Spermophilus lateralis bernardinus,125
1449,Spermophilus mexicanus,52
1450,Spermophilus mohavensis,90
1451,Spermophilus mollis,60
1452,Spermophilus richardsonii,362
1453,Spermophilus saturatus,2015
1454,Spermophilus spilosoma,465
1455,Spermophilus tereticaudus,411
1456,Spermophilus townsendii,105
1457,Spermophilus tridecemlineatus,2518
1458,Spermophilus variegatus,667
1459,Spermophilus washingtoni,114
1460,Sphaerodactylus notatus,288
1461,Sphyrapicus nuchalis,94920
1462,Sphyrapicus ruber,154890
1463,Sphyrapicus thyroideus,37073
1464,Sphyrapicus varius,783308
1465,Spilogale gracilis,923
1466,Spilogale putorius,1233
1467,Spiza americana,244375
1468,Spizella arborea,55602
1469,Spizella atrogularis,23534
1470,Spizella breweri,138863
1471,Spizella pallida,137143
1472,Spizella passerina,2657067
1473,Spizella pusilla,1066676
1474,Sporophila torqueola,262
1475,Stelgidopteryx serripennis,1072236
1476,Stellula calliope,1197
1477,Stercorarius parasiticus,64153
1478,Stereochilus marginatus,250
1479,Sterna dougallii,26971
1480,Sterna forsteri,707120
1481,Sterna hirundo,302023
1482,Sterna paradisaea,51034
1483,Sternotherus carinatus,399
1484,Sternotherus depressus,62
1485,Sternotherus minor,1362
1486,Sternotherus odoratus,4885
1487,Sternula antillarum,260025
1488,Sternula antillarum athalassos,62
1489,Sternula antillarum browni,1858
1490,Storeria dekayi,6681
1491,Storeria occipitomaculata,2430
1492,Storeria victa,302
1493,Streptopelia chinensis,41403
1494,Streptopelia decaocto,1554913
1495,Strix nebulosa,872
1496,Strix occidentalis,902
1497,Strix occidentalis caurina,114
1498,Strix occidentalis lucida,146
1499,Strix occidentalis occidentalis,159
1500,Strix varia,398946
1501,Sturnella magna,870872
1502,Sturnella neglecta,863724
1503,Sturnus vulgaris,6418363
1504,Sula dactylatra,5164
1505,Sus scrofa,1880
1506,Sylvilagus aquaticus,789
1507,Sylvilagus audubonii,9979
1508,Sylvilagus bachmani,2327
1509,Sylvilagus floridanus,14699
1510,Sylvilagus nuttallii,1739
1511,Sylvilagus obscurus,46
1512,Sylvilagus palustris,830
1513,Sylvilagus palustris hefneri,12
1514,Sylvilagus robustus,51
1515,Sylvilagus transitionalis,212
1516,Synaptomys borealis,837
1517,Synaptomys cooperi,1395
1518,Synthliboramphus hypoleucus,899
1519,Tachybaptus dominicus,47449
1520,Tachycineta bicolor,2637450
1521,Tachycineta thalassina,557652
1522,Tadarida brasiliensis,9881
1523,Tamias alpinus,510
1524,Tamias amoenus,6129
1525,Tamias amoenus celeris,40
1526,Tamias canipes,318
1527,Tamias cinereicollis,792
1528,Tamias dorsalis,2633
1529,Tamias merriami,1571
1530,Tamias minimus,11826
1531,Tamias minimus arizonensis,34
1532,Tamias minimus atristriatus,1
1533,Tamias minimus chuskaensis,9
1534,Tamias obscurus,146
1535,Tamias ochrogenys,325
1536,Tamias palmeri,238
1537,Tamias panamintinus,605
1538,Tamias quadrimaculatus,454
1539,Tamias quadrivittatus,1946
1540,Tamias ruficaudus,651
1541,Tamias rufus,574
1542,Tamias senex,1481
1543,Tamias siskiyou,589
1544,Tamias sonomae,655
1545,Tamias speciosus,3226
1546,Tamias speciosus callipeplus,97
1547,Tamias striatus,10657
1548,Tamias townsendii,3020
1549,Tamias umbrinus,3261
1550,Tamiasciurus douglasii,4019
1551,Tamiasciurus hudsonicus,13213
1552,Tamiasciurus hudsonicus grahamensis,17
1553,Tantilla atriceps,20
1554,Tantilla coronata,416
1555,Tantilla cucullata,48
1556,Tantilla gracilis,2698
1557,Tantilla hobartsmithi,335
1558,Tantilla nigriceps,644
1559,Tantilla oolitica,3
1560,Tantilla planiceps,227
1561,Tantilla relicta,906
1562,Tantilla wilcoxi,16
1563,Tantilla yaquia,22
1564,Taricha granulosa,8256
1565,Taricha rivularis,1059
1566,Taricha sierrea,750
1567,Taricha torosa,8050
1568,Taxidea taxus,2122
1569,Terrapene carolina,11309
1570,Terrapene carolina bauri,616
1571,Terrapene ornata,3583
1572,Thalasseus elegans,90026
1573,Thalasseus maximus,413493
1574,Thalasseus sandvicensis,114489
1575,Thamnophis atratus,2805
1576,Thamnophis brachystoma,184
1577,Thamnophis butleri,199
1578,Thamnophis couchii,3386
1579,Thamnophis cyrtopsis,1347
1580,Thamnophis elegans,22166
1581,Thamnophis eques,76
1582,Thamnophis gigas,153
1583,Thamnophis hammondii,1259
1584,Thamnophis marcianus,2710
1585,Thamnophis ordinoides,3989
1586,Thamnophis proximus,5075
1587,Thamnophis radix,2004
1588,Thamnophis rufipunctatus,172
1589,Thamnophis sauritus,2729
1590,Thamnophis sirtalis,24763
1591,Thomomys bottae,30322
1592,Thomomys bulbivorus,517
1593,Thomomys clusius,22
1594,Thomomys idahoensis,183
1595,Thomomys mazama,1117
1596,Thomomys monticola,1488
1597,Thomomys talpoides,9170
1598,Thomomys townsendii,916
1599,Thomomys umbrinus,1449
1600,Thomomys umbrinus emotus,38
1601,Thomomys umbrinus intermedius,234
1602,Thryomanes bewickii,1060770
1603,Thryothorus ludovicianus,3910253
1604,Toxostoma bendirei,9051
1605,Toxostoma crissale,40833
1606,Toxostoma curvirostre,262010
1607,Toxostoma lecontei,9849
1608,Toxostoma longirostre,77954
1609,Toxostoma redivivum,135035
1610,Toxostoma rufum,1240698
1611,Trachemys gaigeae,181
1612,Trachemys scripta,22866
1613,Trichechus manatus,1562
1614,Trimorphodon biscutatus,214
1615,Trimorphodon vilkinsonii,98
1616,Tringa flavipes,662261
1617,Tringa incana,47007
1618,Tringa melanoleuca,1051852
1619,Tringa semipalmata,730613
1620,Tringa solitaria,343385
1621,Troglodytes aedon,1970329
1622,Troglodytes troglodytes,10089
1623,Trogon elegans,13591
1624,Tropidoclonion lineatum,1286
1625,Turdus migratorius,8323381
1626,Tympanuchus cupido,12938
1627,Tympanuchus cupido attwateri,390
1628,Tympanuchus cupido pinnatus,705
1629,Tympanuchus pallidicinctus,487
1630,Tympanuchus phasianellus,17278
1631,Tympanuchus phasianellus campestris,325
1632,Tympanuchus phasianellus columbianus,61
1633,Tympanuchus phasianellus jamesi,101
1634,Tyrannus couchii,74934
1635,Tyrannus crassirostris,7569
1636,Tyrannus dominicensis,28862
1637,Tyrannus forficatus,296926
1638,Tyrannus melancholicus,41639
1639,Tyrannus tyrannus,1229934
1640,Tyrannus verticalis,556435
1641,Tyrannus vociferans,227982
1642,Tyto alba,106180
1643,Uma inornata,366
1644,Uma notata,793
1645,Uma rufopunctata,35
1646,Uma scoparia,878
1647,Uria aalge,163252
1648,Uria lomvia,16855
1649,Urocitellus elegans,1390
1650,Urocitellus elegans aureus,376
1651,Urocitellus elegans elegans,281
1652,Urocitellus elegans nevadensis,33
1653,Urocyon cinereoargenteus,5427
1654,Urocyon littoralis,1113
1655,Urocyon littoralis catalinae,122
1656,Urocyon littoralis clementae,118
1657,Urocyon littoralis dickeyi,187
1658,Urocyon littoralis santacruzae,411
1659,Urocyon littoralis santarosae,133
1660,Urosaurus graciosus,1186
1661,Urosaurus nigricaudus,178
1662,Urosaurus ornatus,8487
1663,Ursus americanus,7105
1664,Ursus americanus floridanus,7
1665,Ursus americanus luteolus,4
1666,Ursus arctos,2430
1667,Uta stansburiana,43030
1668,Vermivora celata,10573
1669,Vermivora chrysoptera,65015
1670,Vermivora crissalis,18
1671,Vermivora luciae,786
1672,Vermivora peregrina,2544
1673,Vermivora pinus,531
1674,Vermivora ruficapilla,16879
1675,Vermivora virginiae,336
1676,Vireo altiloquus,6664
1677,Vireo atricapilla,10208
1678,Vireo bellii,147637
1679,Vireo cassinii,102815
1680,Vireo flavifrons,372422
1681,Vireo flavoviridis,1802
1682,Vireo gilvus,965894
1683,Vireo griseus,845229
1684,Vireo huttoni,241391
1685,Vireo olivaceus,1463302
1686,Vireo philadelphicus,77871
1687,Vireo plumbeus,88250
1688,Vireo solitarius,464649
1689,Vireo vicinior,9605
1690,Virginia striatula,1457
1691,Virginia valeriae,1008
1692,Vulpes macrotis,1394
1693,Vulpes macrotis mutica,740
1694,Vulpes velox,957
1695,Vulpes vulpes,6988
1696,Vulpes vulpes necator,48
1697,Wilsonia canadensis,897
1698,Wilsonia citrina,553
1699,Wilsonia pusilla,10360
1700,Xanthocephalus xanthocephalus,281084
1701,Xantusia arizonae,214
1702,Xantusia bezyi,50
1703,Xantusia gracilis,32
1704,Xantusia henshawi,1442
1705,Xantusia riversiana,2018
1706,Xantusia sierrae,23
1707,Xantusia vigilis,6257
1708,Xantusia wigginsi,32
1709,Zalophus californianus,4935
1710,Zapus hudsonius,4615
1711,Zapus princeps,5423
1712,Zapus trinotatus,1686
1713,Zenaida asiatica,819491
1714,Zenaida macroura,9004775
1715,Zonotrichia albicollis,2769153
1716,Zonotrichia atricapilla,571929
1717,Zonotrichia leucophrys,2116835
1718,Zonotrichia querula,125494
